textPayload,insertId,resource.type,resource.labels.zone,resource.labels.version_id,resource.labels.module_id,resource.labels.project_id,timestamp,labels.clone_id,logName,receiveTimestamp,protoPayload.@type,protoPayload.appId,protoPayload.versionId,protoPayload.requestId,protoPayload.ip,protoPayload.startTime,protoPayload.endTime,protoPayload.latency,protoPayload.megaCycles,protoPayload.method,protoPayload.resource,protoPayload.httpVersion,protoPayload.status,protoPayload.responseSize,protoPayload.userAgent,protoPayload.urlMapEntry,protoPayload.host,protoPayload.cost,protoPayload.instanceIndex,protoPayload.finished,protoPayload.instanceId,protoPayload.moduleId,protoPayload.appEngineRelease,protoPayload.traceId,protoPayload.first,protoPayload.traceSampled,protoPayload.taskQueueName,protoPayload.taskName,protoPayload.referrer,httpRequest.status,operation.id,operation.producer,operation.first,operation.last,trace,traceSampled
,5f71d86f0001d310d84cae99,gae_app,northamerica-northeast1-1,20200927t204326,passport,opn-platform-ca-prod,2020-09-28T12:34:54.991327Z,00c61b117c23a640a7d2bfe5225756b633e951b82f6c8eaefa9990f545ad75e6285f888aa047,projects/opn-platform-ca-prod/logs/appengine.googleapis.com%2Frequest_log,2020-09-28T12:34:55.120226021Z,type.googleapis.com/google.appengine.logging.v1.RequestLog,k~opn-platform-ca-prod,20200927t204326,5f71d86e00ff0f205fb8c6a200ff00016b7e6f706e2d706c6174666f726d2d63612d70726f64000170617373706f72743a323032303039323774323034333236000100,2605:8d80:641:7c17:7511:ef17:70fb:9558,2020-09-28T12:34:54.991327Z,2020-09-28T12:34:55.063350Z,0.072023s,2,POST,/user/status/get,HTTP/1.1,502,288,OPN/14 CFNetwork/1128.0.1 Darwin/19.6.0,auto,passport.services.ca.stayopn.net,3.2186e-8,-1,true,00c61b117c23a640a7d2bfe5225756b633e951b82f6c8eaefa9990f545ad75e6285f888aa047,passport,1.9.71,62dc013a94eebda55a2d45ed894441cc,true,,,,,502,5f71d86e00ff0f205fb8c6a200ff00016b7e6f706e2d706c6174666f726d2d63612d70726f64000170617373706f72743a323032303039323774323034333236000100,appengine.googleapis.com/request_id,true,true,projects/opn-platform-ca-prod/traces/62dc013a94eebda55a2d45ed894441cc,
,5f71d03d0007f2472bb5c93c,gae_app,northamerica-northeast1-1,20200927t102305,registry,opn-platform-ca-prod,2020-09-28T11:59:52.170321Z,00c61b117c2c3105b8e85b3a27c568e00933583228108601f78b1c325a58691aaae1d26f,projects/opn-platform-ca-prod/logs/appengine.googleapis.com%2Frequest_log,2020-09-28T11:59:57.521561511Z,type.googleapis.com/google.appengine.logging.v1.RequestLog,k~opn-platform-ca-prod,20200927t102305,5f71d03800ff029951cf3da4f400016b7e6f706e2d706c6174666f726d2d63612d70726f64000172656769737472793a323032303039323774313032333035000100,2607:fea8:55df:fb30:c5b8:c091:f6d3:4975,2020-09-28T11:59:52.170321Z,2020-09-28T11:59:57.191715Z,5.021394s,16,POST,/v2/users/R4vQG0rJyZ0HlMxQltf2/dependants,HTTP/1.1,502,288,OPN/14 CFNetwork/1128.0.1 Darwin/19.6.0,auto,registry.services.ca.stayopn.net,3.2186e-8,-1,true,00c61b117c2c3105b8e85b3a27c568e00933583228108601f78b1c325a58691aaae1d26f,registry,1.9.71,47c636f5ac6615db829ae767549f9c82,true,,,,,502,5f71d03800ff029951cf3da4f400016b7e6f706e2d706c6174666f726d2d63612d70726f64000172656769737472793a323032303039323774313032333035000100,appengine.googleapis.com/request_id,true,true,projects/opn-platform-ca-prod/traces/47c636f5ac6615db829ae767549f9c82,
,5f71c5c6000a671013d9aab4,gae_app,northamerica-northeast1-1,20200927t204326,passport,opn-platform-ca-prod,2020-09-28T11:15:18.541780Z,00c61b117c23a640a7d2bfe5225756b633e951b82f6c8eaefa9990f545ad75e6285f888aa047,projects/opn-platform-ca-prod/logs/appengine.googleapis.com%2Frequest_log,2020-09-28T11:15:18.682592914Z,type.googleapis.com/google.appengine.logging.v1.RequestLog,k~opn-platform-ca-prod,20200927t204326,5f71c5c600ff0844545cab6d6900016b7e6f706e2d706c6174666f726d2d63612d70726f64000170617373706f72743a323032303039323774323034333236000100,2607:fea8:545f:76c0:2521:db25:5032:a454,2020-09-28T11:15:18.541780Z,2020-09-28T11:15:18.563387Z,0.021607s,31,POST,/user/status/get,HTTP/1.1,502,288,OPN/2 CFNetwork/1128.0.1 Darwin/19.6.0,auto,passport.services.ca.stayopn.net,3.2186e-8,-1,true,00c61b117c23a640a7d2bfe5225756b633e951b82f6c8eaefa9990f545ad75e6285f888aa047,passport,1.9.71,0122e3b32f64f2628c2d6d13b1bd9b5c,true,,,,,502,5f71c5c600ff0844545cab6d6900016b7e6f706e2d706c6174666f726d2d63612d70726f64000170617373706f72743a323032303039323774323034333236000100,appengine.googleapis.com/request_id,true,true,projects/opn-platform-ca-prod/traces/0122e3b32f64f2628c2d6d13b1bd9b5c,
,5f71c21b0007f1ccc3e10357,gae_app,northamerica-northeast1-1,20200927t204326,passport,opn-platform-ca-prod,2020-09-28T10:59:39.412604Z,00c61b117c23a640a7d2bfe5225756b633e951b82f6c8eaefa9990f545ad75e6285f888aa047,projects/opn-platform-ca-prod/logs/appengine.googleapis.com%2Frequest_log,2020-09-28T10:59:39.521214944Z,type.googleapis.com/google.appengine.logging.v1.RequestLog,k~opn-platform-ca-prod,20200927t204326,5f71c21b00ff064bbcdfe5239f00016b7e6f706e2d706c6174666f726d2d63612d70726f64000170617373706f72743a323032303039323774323034333236000100,76.69.44.198,2020-09-28T10:59:39.412604Z,2020-09-28T10:59:39.461514Z,0.048910s,19,POST,/user/status/get,HTTP/1.1,502,288,OPN/14 CFNetwork/1128.0.1 Darwin/19.6.0,auto,passport.services.ca.stayopn.net,3.2186e-8,-1,true,00c61b117c23a640a7d2bfe5225756b633e951b82f6c8eaefa9990f545ad75e6285f888aa047,passport,1.9.71,a42651ee9a0fa4bb14b1820d71cb596c,true,,,,,502,5f71c21b00ff064bbcdfe5239f00016b7e6f706e2d706c6174666f726d2d63612d70726f64000170617373706f72743a323032303039323774323034333236000100,appengine.googleapis.com/request_id,true,true,projects/opn-platform-ca-prod/traces/a42651ee9a0fa4bb14b1820d71cb596c,
,5f71b34c0009277064b2ce28,gae_app,northamerica-northeast1-1,20200928t005702,config,opn-platform-ca-prod,2020-09-28T09:56:28.253843Z,00c61b117c6dce231a9b8d48041308e1c69001cd7c6cbb6f4e371d0644b8d83ac7776282c7,projects/opn-platform-ca-prod/logs/appengine.googleapis.com%2Frequest_log,2020-09-28T09:56:28.600549853Z,type.googleapis.com/google.appengine.logging.v1.RequestLog,k~opn-platform-ca-prod,20200928t005702,5f71b34c00ff03df935e4a012400016b7e6f706e2d706c6174666f726d2d63612d70726f640001636f6e6669673a323032303039323874303035373032000100,99.241.182.188,2020-09-28T09:56:28.253843Z,2020-09-28T09:56:28.301258Z,0.047415s,21,POST,/,HTTP/1.1,502,288,OPN/14 CFNetwork/1197 Darwin/20.0.0,auto,config.services.ca.stayopn.net,3.2186e-8,-1,true,00c61b117c6dce231a9b8d48041308e1c69001cd7c6cbb6f4e371d0644b8d83ac7776282c7,config,1.9.71,81a613ea0fc5117bc88d7e8b22009899,true,,,,,502,5f71b34c00ff03df935e4a012400016b7e6f706e2d706c6174666f726d2d63612d70726f640001636f6e6669673a323032303039323874303035373032000100,appengine.googleapis.com/request_id,true,true,projects/opn-platform-ca-prod/traces/81a613ea0fc5117bc88d7e8b22009899,
,5f71ac02000edfa62cc1d77c,gae_app,northamerica-northeast1-1,20200927t102305,registry,opn-platform-ca-prod,2020-09-28T09:25:22.847825Z,00c61b117c2c3105b8e85b3a27c568e00933583228108601f78b1c325a58691aaae1d26f,projects/opn-platform-ca-prod/logs/appengine.googleapis.com%2Frequest_log,2020-09-28T09:25:22.976474172Z,type.googleapis.com/google.appengine.logging.v1.RequestLog,k~opn-platform-ca-prod,20200927t102305,5f71ac0200ff0cefd1d0956f9600016b7e6f706e2d706c6174666f726d2d63612d70726f64000172656769737472793a323032303039323774313032333035000100,46.172.71.220,2020-09-28T09:25:22.847825Z,2020-09-28T09:25:22.974616Z,0.126791s,1384,POST,/user/add,HTTP/1.1,500,355,OPN/1 CFNetwork/1128.0.1 Darwin/19.6.0,auto,registry.services.ca.stayopn.net,3.9674e-8,-1,true,00c61b117c2c3105b8e85b3a27c568e00933583228108601f78b1c325a58691aaae1d26f,registry,1.9.71,2ca9a812e08bedb294977346d4ee70b8,true,true,,,,500,5f71ac0200ff0cefd1d0956f9600016b7e6f706e2d706c6174666f726d2d63612d70726f64000172656769737472793a323032303039323774313032333035000100,appengine.googleapis.com/request_id,true,true,projects/opn-platform-ca-prod/traces/2ca9a812e08bedb294977346d4ee70b8,true
,5f71a26b0007cf49dc3a0481,gae_app,northamerica-northeast1-1,20200927t102305,registry,opn-platform-ca-prod,2020-09-28T08:44:27.371987Z,00c61b117c2c3105b8e85b3a27c568e00933583228108601f78b1c325a58691aaae1d26f,projects/opn-platform-ca-prod/logs/appengine.googleapis.com%2Frequest_log,2020-09-28T08:44:27.512553754Z,type.googleapis.com/google.appengine.logging.v1.RequestLog,k~opn-platform-ca-prod,20200927t102305,5f71a26b00ff05ad137b32efe700016b7e6f706e2d706c6174666f726d2d63612d70726f64000172656769737472793a323032303039323774313032333035000100,46.172.71.220,2020-09-28T08:44:27.371987Z,2020-09-28T08:44:27.511681Z,0.139694s,395,POST,/user/add,HTTP/1.1,500,355,OPN/1 CFNetwork/1197 Darwin/19.5.0,auto,registry.services.ca.stayopn.net,3.9674e-8,-1,true,00c61b117c2c3105b8e85b3a27c568e00933583228108601f78b1c325a58691aaae1d26f,registry,1.9.71,35abbe72d626f93117625cdf5ba69b96,true,true,,,,500,5f71a26b00ff05ad137b32efe700016b7e6f706e2d706c6174666f726d2d63612d70726f64000172656769737472793a323032303039323774313032333035000100,appengine.googleapis.com/request_id,true,true,projects/opn-platform-ca-prod/traces/35abbe72d626f93117625cdf5ba69b96,true
,5f713418000caf33767fab47,gae_app,northamerica-northeast1-1,20200927t204326,passport,opn-platform-ca-prod,2020-09-28T00:53:44.757841Z,00c61b117c23a640a7d2bfe5225756b633e951b82f6c8eaefa9990f545ad75e6285f888aa047,projects/opn-platform-ca-prod/logs/appengine.googleapis.com%2Frequest_log,2020-09-28T00:53:44.831842951Z,type.googleapis.com/google.appengine.logging.v1.RequestLog,k~opn-platform-ca-prod,20200927t204326,5f71341800ff0b9051f898229d00016b7e6f706e2d706c6174666f726d2d63612d70726f64000170617373706f72743a323032303039323774323034333236000100,174.93.120.161,2020-09-28T00:53:44.757841Z,2020-09-28T00:53:44.761953Z,0.004112s,24,POST,/user/status/get,HTTP/1.1,502,288,OPN/14 CFNetwork/1128.0.1 Darwin/19.6.0,auto,passport.services.ca.stayopn.net,3.2186e-8,-1,true,00c61b117c23a640a7d2bfe5225756b633e951b82f6c8eaefa9990f545ad75e6285f888aa047,passport,1.9.71,04b166feebcd057d0b74e230aee5c7ab,true,true,,,,502,5f71341800ff0b9051f898229d00016b7e6f706e2d706c6174666f726d2d63612d70726f64000170617373706f72743a323032303039323774323034333236000100,appengine.googleapis.com/request_id,true,true,projects/opn-platform-ca-prod/traces/04b166feebcd057d0b74e230aee5c7ab,true
,5f7130cd00002dfc941edfc3,gae_app,northamerica-northeast1-1,20200927t102049,passport,opn-platform-ca-prod,2020-09-28T00:39:35.601156Z,00c61b117c84d458005632501f3a1e8ed5725690698e96a64619a238aaa0260d1fd80e1f5c,projects/opn-platform-ca-prod/logs/appengine.googleapis.com%2Frequest_log,2020-09-28T00:39:41.012444216Z,type.googleapis.com/google.appengine.logging.v1.RequestLog,k~opn-platform-ca-prod,20200927t102049,5f7130c700ff092c440aac3e5c00016b7e6f706e2d706c6174666f726d2d63612d70726f64000170617373706f72743a323032303039323774313032303439000100,74.14.145.37,2020-09-28T00:39:35.601156Z,2020-09-28T00:39:40.822728Z,5.221572s,89,POST,/user/status/update,HTTP/1.1,502,288,okhttp/4.5.0,auto,passport.services.ca.stayopn.net,3.2186e-8,-1,true,00c61b117c84d458005632501f3a1e8ed5725690698e96a64619a238aaa0260d1fd80e1f5c,passport,1.9.71,d286b875374499f11d581b766644341c,true,,,,,502,5f7130c700ff092c440aac3e5c00016b7e6f706e2d706c6174666f726d2d63612d70726f64000170617373706f72743a323032303039323774313032303439000100,appengine.googleapis.com/request_id,true,true,projects/opn-platform-ca-prod/traces/d286b875374499f11d581b766644341c,
,5f712eff0007c6cbfa558293,gae_app,northamerica-northeast1-1,20200927t102049,passport,opn-platform-ca-prod,2020-09-28T00:31:54.390569Z,00c61b117c84d458005632501f3a1e8ed5725690698e96a64619a238aaa0260d1fd80e1f5c,projects/opn-platform-ca-prod/logs/appengine.googleapis.com%2Frequest_log,2020-09-28T00:31:59.510313515Z,type.googleapis.com/google.appengine.logging.v1.RequestLog,k~opn-platform-ca-prod,20200927t102049,5f712efa00ff05f5a994bf077400016b7e6f706e2d706c6174666f726d2d63612d70726f64000170617373706f72743a323032303039323774313032303439000100,74.14.145.37,2020-09-28T00:31:54.390569Z,2020-09-28T00:31:59.497077Z,5.106508s,11,POST,/user/status/update,HTTP/1.1,502,288,okhttp/4.5.0,auto,passport.services.ca.stayopn.net,3.2186e-8,-1,true,00c61b117c84d458005632501f3a1e8ed5725690698e96a64619a238aaa0260d1fd80e1f5c,passport,1.9.71,c8d30467719ca846b54ac154d128ec7d,true,,,,,502,5f712efa00ff05f5a994bf077400016b7e6f706e2d706c6174666f726d2d63612d70726f64000170617373706f72743a323032303039323774313032303439000100,appengine.googleapis.com/request_id,true,true,projects/opn-platform-ca-prod/traces/c8d30467719ca846b54ac154d128ec7d,
,5f712eab000db2117833259f,gae_app,northamerica-northeast1-1,20200927t102049,passport,opn-platform-ca-prod,2020-09-28T00:30:30.480926Z,00c61b117c84d458005632501f3a1e8ed5725690698e96a64619a238aaa0260d1fd80e1f5c,projects/opn-platform-ca-prod/logs/appengine.googleapis.com%2Frequest_log,2020-09-28T00:30:35.898373034Z,type.googleapis.com/google.appengine.logging.v1.RequestLog,k~opn-platform-ca-prod,20200927t102049,5f712ea600ff07569e0a9e440300016b7e6f706e2d706c6174666f726d2d63612d70726f64000170617373706f72743a323032303039323774313032303439000100,74.14.145.37,2020-09-28T00:30:30.480926Z,2020-09-28T00:30:35.621428Z,5.140502s,45,POST,/user/status/update,HTTP/1.1,502,288,okhttp/4.5.0,auto,passport.services.ca.stayopn.net,3.2186e-8,-1,true,00c61b117c84d458005632501f3a1e8ed5725690698e96a64619a238aaa0260d1fd80e1f5c,passport,1.9.71,72f1ccbf7f8e8b4acdff0c11f432e5a3,true,true,,,,502,5f712ea600ff07569e0a9e440300016b7e6f706e2d706c6174666f726d2d63612d70726f64000170617373706f72743a323032303039323774313032303439000100,appengine.googleapis.com/request_id,true,true,projects/opn-platform-ca-prod/traces/72f1ccbf7f8e8b4acdff0c11f432e5a3,true
,5f712e03000880f6c19eee09,gae_app,northamerica-northeast1-1,20200927t102049,passport,opn-platform-ca-prod,2020-09-28T00:27:42.380117Z,00c61b117c84d458005632501f3a1e8ed5725690698e96a64619a238aaa0260d1fd80e1f5c,projects/opn-platform-ca-prod/logs/appengine.googleapis.com%2Frequest_log,2020-09-28T00:27:47.558015055Z,type.googleapis.com/google.appengine.logging.v1.RequestLog,k~opn-platform-ca-prod,20200927t102049,5f712dfe00ff05ccd5e52417fc00016b7e6f706e2d706c6174666f726d2d63612d70726f64000170617373706f72743a323032303039323774313032303439000100,74.14.145.37,2020-09-28T00:27:42.380117Z,2020-09-28T00:27:47.557157Z,5.177040s,165,POST,/user/status/update,HTTP/1.1,502,288,okhttp/4.5.0,auto,passport.services.ca.stayopn.net,3.2186e-8,-1,true,00c61b117c84d458005632501f3a1e8ed5725690698e96a64619a238aaa0260d1fd80e1f5c,passport,1.9.71,a5d98eea4d59de1b11b910d1a80ea1a1,true,true,,,,502,5f712dfe00ff05ccd5e52417fc00016b7e6f706e2d706c6174666f726d2d63612d70726f64000170617373706f72743a323032303039323774313032303439000100,appengine.googleapis.com/request_id,true,true,projects/opn-platform-ca-prod/traces/a5d98eea4d59de1b11b910d1a80ea1a1,true
,5f712c1a000347f02669fce6,gae_app,northamerica-northeast1-1,20200927t102049,passport,opn-platform-ca-prod,2020-09-28T00:19:32.902347Z,00c61b117c84d458005632501f3a1e8ed5725690698e96a64619a238aaa0260d1fd80e1f5c,projects/opn-platform-ca-prod/logs/appengine.googleapis.com%2Frequest_log,2020-09-28T00:19:38.215591096Z,type.googleapis.com/google.appengine.logging.v1.RequestLog,k~opn-platform-ca-prod,20200927t102049,5f712c1400ff0dc4cb1ee3990c00016b7e6f706e2d706c6174666f726d2d63612d70726f64000170617373706f72743a323032303039323774313032303439000100,99.228.204.211,2020-09-28T00:19:32.902347Z,2020-09-28T00:19:38.036118Z,5.133771s,84,POST,/user/status/update,HTTP/1.1,502,288,okhttp/4.5.0,auto,passport.services.ca.stayopn.net,3.2186e-8,-1,true,00c61b117c84d458005632501f3a1e8ed5725690698e96a64619a238aaa0260d1fd80e1f5c,passport,1.9.71,6fe9f52332a8b8e32b54e81891cc7bdd,true,true,,,,502,5f712c1400ff0dc4cb1ee3990c00016b7e6f706e2d706c6174666f726d2d63612d70726f64000170617373706f72743a323032303039323774313032303439000100,appengine.googleapis.com/request_id,true,true,projects/opn-platform-ca-prod/traces/6fe9f52332a8b8e32b54e81891cc7bdd,true
,5f712ac700071b01c8e1e5dd,gae_app,northamerica-northeast1-1,20200927t102049,passport,opn-platform-ca-prod,2020-09-28T00:13:54.206358Z,00c61b117c84d458005632501f3a1e8ed5725690698e96a64619a238aaa0260d1fd80e1f5c,projects/opn-platform-ca-prod/logs/appengine.googleapis.com%2Frequest_log,2020-09-28T00:13:59.466418744Z,type.googleapis.com/google.appengine.logging.v1.RequestLog,k~opn-platform-ca-prod,20200927t102049,5f712ac200ff0326163e0bce2d00016b7e6f706e2d706c6174666f726d2d63612d70726f64000170617373706f72743a323032303039323774313032303439000100,99.228.204.211,2020-09-28T00:13:54.206358Z,2020-09-28T00:13:59.406239Z,5.199881s,17,POST,/user/status/update,HTTP/1.1,502,288,okhttp/4.5.0,auto,passport.services.ca.stayopn.net,3.2186e-8,-1,true,00c61b117c84d458005632501f3a1e8ed5725690698e96a64619a238aaa0260d1fd80e1f5c,passport,1.9.71,4144b038c65aba7063d41268830afad5,true,,,,,502,5f712ac200ff0326163e0bce2d00016b7e6f706e2d706c6174666f726d2d63612d70726f64000170617373706f72743a323032303039323774313032303439000100,appengine.googleapis.com/request_id,true,true,projects/opn-platform-ca-prod/traces/4144b038c65aba7063d41268830afad5,
,5f712a7100084b31f35be1ba,gae_app,northamerica-northeast1-1,20200927t102049,passport,opn-platform-ca-prod,2020-09-28T00:12:28.293471Z,00c61b117c84d458005632501f3a1e8ed5725690698e96a64619a238aaa0260d1fd80e1f5c,projects/opn-platform-ca-prod/logs/appengine.googleapis.com%2Frequest_log,2020-09-28T00:12:33.544251309Z,type.googleapis.com/google.appengine.logging.v1.RequestLog,k~opn-platform-ca-prod,20200927t102049,5f712a6c00ff047a5f76378f1200016b7e6f706e2d706c6174666f726d2d63612d70726f64000170617373706f72743a323032303039323774313032303439000100,99.228.204.211,2020-09-28T00:12:28.293471Z,2020-09-28T00:12:33.413921Z,5.120450s,9,POST,/user/status/update,HTTP/1.1,502,288,okhttp/4.5.0,auto,passport.services.ca.stayopn.net,3.2186e-8,-1,true,00c61b117c84d458005632501f3a1e8ed5725690698e96a64619a238aaa0260d1fd80e1f5c,passport,1.9.71,356dc93143a5e76642b82e719f6f35e1,true,,,,,502,5f712a6c00ff047a5f76378f1200016b7e6f706e2d706c6174666f726d2d63612d70726f64000170617373706f72743a323032303039323774313032303439000100,appengine.googleapis.com/request_id,true,true,projects/opn-platform-ca-prod/traces/356dc93143a5e76642b82e719f6f35e1,
,5f712a4d000ddd1990a56fc3,gae_app,northamerica-northeast1-1,20200927t102049,passport,opn-platform-ca-prod,2020-09-28T00:11:52.443420Z,00c61b117c84d458005632501f3a1e8ed5725690698e96a64619a238aaa0260d1fd80e1f5c,projects/opn-platform-ca-prod/logs/appengine.googleapis.com%2Frequest_log,2020-09-28T00:11:57.909120078Z,type.googleapis.com/google.appengine.logging.v1.RequestLog,k~opn-platform-ca-prod,20200927t102049,5f712a4800ff06c41cb6f2324800016b7e6f706e2d706c6174666f726d2d63612d70726f64000170617373706f72743a323032303039323774313032303439000100,74.14.145.37,2020-09-28T00:11:52.443420Z,2020-09-28T00:11:57.616901Z,5.173481s,8,POST,/user/status/update,HTTP/1.1,502,288,okhttp/4.5.0,auto,passport.services.ca.stayopn.net,3.2186e-8,-1,true,00c61b117c84d458005632501f3a1e8ed5725690698e96a64619a238aaa0260d1fd80e1f5c,passport,1.9.71,100eae50bec0b4f6718bccb71318fa2f,true,,,,,502,5f712a4800ff06c41cb6f2324800016b7e6f706e2d706c6174666f726d2d63612d70726f64000170617373706f72743a323032303039323774313032303439000100,appengine.googleapis.com/request_id,true,true,projects/opn-platform-ca-prod/traces/100eae50bec0b4f6718bccb71318fa2f,
,5f712a450003cd8b1b769dbb,gae_app,northamerica-northeast1-1,20200927t102049,passport,opn-platform-ca-prod,2020-09-28T00:11:43.968413Z,00c61b117c84d458005632501f3a1e8ed5725690698e96a64619a238aaa0260d1fd80e1f5c,projects/opn-platform-ca-prod/logs/appengine.googleapis.com%2Frequest_log,2020-09-28T00:11:49.249949501Z,type.googleapis.com/google.appengine.logging.v1.RequestLog,k~opn-platform-ca-prod,20200927t102049,5f712a3f00ff0ec6ddb7c1bf1a00016b7e6f706e2d706c6174666f726d2d63612d70726f64000170617373706f72743a323032303039323774313032303439000100,67.230.156.28,2020-09-28T00:11:43.968413Z,2020-09-28T00:11:49.116407Z,5.147994s,10,POST,/user/status/update,HTTP/1.1,502,288,okhttp/4.5.0,auto,passport.services.ca.stayopn.net,3.2186e-8,-1,true,00c61b117c84d458005632501f3a1e8ed5725690698e96a64619a238aaa0260d1fd80e1f5c,passport,1.9.71,0194bcd8169cbd8199b9ed478a567ac6,true,,,,,502,5f712a3f00ff0ec6ddb7c1bf1a00016b7e6f706e2d706c6174666f726d2d63612d70726f64000170617373706f72743a323032303039323774313032303439000100,appengine.googleapis.com/request_id,true,true,projects/opn-platform-ca-prod/traces/0194bcd8169cbd8199b9ed478a567ac6,
,5f712a39000e21672bbaf992,gae_app,northamerica-northeast1-1,20200927t102049,passport,opn-platform-ca-prod,2020-09-28T00:11:32.550785Z,00c61b117c84d458005632501f3a1e8ed5725690698e96a64619a238aaa0260d1fd80e1f5c,projects/opn-platform-ca-prod/logs/appengine.googleapis.com%2Frequest_log,2020-09-28T00:11:37.926619271Z,type.googleapis.com/google.appengine.logging.v1.RequestLog,k~opn-platform-ca-prod,20200927t102049,5f712a3400ff086781608fe55600016b7e6f706e2d706c6174666f726d2d63612d70726f64000170617373706f72743a323032303039323774313032303439000100,99.228.204.211,2020-09-28T00:11:32.550785Z,2020-09-28T00:11:37.708772Z,5.157987s,11,POST,/user/status/update,HTTP/1.1,502,288,okhttp/4.5.0,auto,passport.services.ca.stayopn.net,3.2186e-8,-1,true,00c61b117c84d458005632501f3a1e8ed5725690698e96a64619a238aaa0260d1fd80e1f5c,passport,1.9.71,b70b8de41818fb2ce8a0d6bf50a1aa79,true,,,,,502,5f712a3400ff086781608fe55600016b7e6f706e2d706c6174666f726d2d63612d70726f64000170617373706f72743a323032303039323774313032303439000100,appengine.googleapis.com/request_id,true,true,projects/opn-platform-ca-prod/traces/b70b8de41818fb2ce8a0d6bf50a1aa79,
,5f7129e600000756a2eff489,gae_app,northamerica-northeast1-1,20200927t102049,passport,opn-platform-ca-prod,2020-09-28T00:10:08.781029Z,00c61b117c84d458005632501f3a1e8ed5725690698e96a64619a238aaa0260d1fd80e1f5c,projects/opn-platform-ca-prod/logs/appengine.googleapis.com%2Frequest_log,2020-09-28T00:10:14.002468210Z,type.googleapis.com/google.appengine.logging.v1.RequestLog,k~opn-platform-ca-prod,20200927t102049,5f7129e000ff0beae5ad7317f600016b7e6f706e2d706c6174666f726d2d63612d70726f64000170617373706f72743a323032303039323774313032303439000100,74.14.145.37,2020-09-28T00:10:08.781029Z,2020-09-28T00:10:13.913409Z,5.132380s,11,POST,/user/status/update,HTTP/1.1,502,288,okhttp/4.5.0,auto,passport.services.ca.stayopn.net,3.2186e-8,-1,true,00c61b117c84d458005632501f3a1e8ed5725690698e96a64619a238aaa0260d1fd80e1f5c,passport,1.9.71,fa2cef5280fc8e99c717bc80a6005e6b,true,true,,,,502,5f7129e000ff0beae5ad7317f600016b7e6f706e2d706c6174666f726d2d63612d70726f64000170617373706f72743a323032303039323774313032303439000100,appengine.googleapis.com/request_id,true,true,projects/opn-platform-ca-prod/traces/fa2cef5280fc8e99c717bc80a6005e6b,true
,5f7129d7000551268b1e5563,gae_app,northamerica-northeast1-1,20200927t102049,passport,opn-platform-ca-prod,2020-09-28T00:09:54.067960Z,00c61b117c84d458005632501f3a1e8ed5725690698e96a64619a238aaa0260d1fd80e1f5c,projects/opn-platform-ca-prod/logs/appengine.googleapis.com%2Frequest_log,2020-09-28T00:09:59.349015860Z,type.googleapis.com/google.appengine.logging.v1.RequestLog,k~opn-platform-ca-prod,20200927t102049,5f7129d200ff010978a9efe64c00016b7e6f706e2d706c6174666f726d2d63612d70726f64000170617373706f72743a323032303039323774313032303439000100,99.228.204.211,2020-09-28T00:09:54.067960Z,2020-09-28T00:09:59.197276Z,5.129316s,15,POST,/user/status/update,HTTP/1.1,502,288,okhttp/4.5.0,auto,passport.services.ca.stayopn.net,3.2186e-8,-1,true,00c61b117c84d458005632501f3a1e8ed5725690698e96a64619a238aaa0260d1fd80e1f5c,passport,1.9.71,26cae13a0232b3ed99bf8a214a157348,true,,,,,502,5f7129d200ff010978a9efe64c00016b7e6f706e2d706c6174666f726d2d63612d70726f64000170617373706f72743a323032303039323774313032303439000100,appengine.googleapis.com/request_id,true,true,projects/opn-platform-ca-prod/traces/26cae13a0232b3ed99bf8a214a157348,
,5f7129cb00006660576b667e,gae_app,northamerica-northeast1-1,20200927t102049,passport,opn-platform-ca-prod,2020-09-28T00:09:41.876002Z,00c61b117c84d458005632501f3a1e8ed5725690698e96a64619a238aaa0260d1fd80e1f5c,projects/opn-platform-ca-prod/logs/appengine.googleapis.com%2Frequest_log,2020-09-28T00:09:47.026764208Z,type.googleapis.com/google.appengine.logging.v1.RequestLog,k~opn-platform-ca-prod,20200927t102049,5f7129c500ff0d5de215133f4600016b7e6f706e2d706c6174666f726d2d63612d70726f64000170617373706f72743a323032303039323774313032303439000100,99.228.204.211,2020-09-28T00:09:41.876002Z,2020-09-28T00:09:47.009524Z,5.133522s,8,POST,/user/status/update,HTTP/1.1,502,288,okhttp/4.5.0,auto,passport.services.ca.stayopn.net,3.2186e-8,-1,true,00c61b117c84d458005632501f3a1e8ed5725690698e96a64619a238aaa0260d1fd80e1f5c,passport,1.9.71,e95a03c52b6f65d95ef9e46a92761868,true,,,,,502,5f7129c500ff0d5de215133f4600016b7e6f706e2d706c6174666f726d2d63612d70726f64000170617373706f72743a323032303039323774313032303439000100,appengine.googleapis.com/request_id,true,true,projects/opn-platform-ca-prod/traces/e95a03c52b6f65d95ef9e46a92761868,
,5f7129af0000c672635a1c61,gae_app,northamerica-northeast1-1,20200927t102049,passport,opn-platform-ca-prod,2020-09-28T00:09:13.833991Z,00c61b117c84d458005632501f3a1e8ed5725690698e96a64619a238aaa0260d1fd80e1f5c,projects/opn-platform-ca-prod/logs/appengine.googleapis.com%2Frequest_log,2020-09-28T00:09:19.051554112Z,type.googleapis.com/google.appengine.logging.v1.RequestLog,k~opn-platform-ca-prod,20200927t102049,5f7129a900ff0cb9c705cc0d3a00016b7e6f706e2d706c6174666f726d2d63612d70726f64000170617373706f72743a323032303039323774313032303439000100,74.14.145.37,2020-09-28T00:09:13.833991Z,2020-09-28T00:09:18.993772Z,5.159781s,96,POST,/user/status/update,HTTP/1.1,502,288,okhttp/4.5.0,auto,passport.services.ca.stayopn.net,3.2186e-8,-1,true,00c61b117c84d458005632501f3a1e8ed5725690698e96a64619a238aaa0260d1fd80e1f5c,passport,1.9.71,bd34e1669a61c84f0db38e06878cc4e6,true,,,,,502,5f7129a900ff0cb9c705cc0d3a00016b7e6f706e2d706c6174666f726d2d63612d70726f64000170617373706f72743a323032303039323774313032303439000100,appengine.googleapis.com/request_id,true,true,projects/opn-platform-ca-prod/traces/bd34e1669a61c84f0db38e06878cc4e6,
,5f710f100001ebe2fa21205c,gae_app,northamerica-northeast1-1,20200927t102049,passport,opn-platform-ca-prod,2020-09-27T22:15:38.812013Z,00c61b117c84d458005632501f3a1e8ed5725690698e96a64619a238aaa0260d1fd80e1f5c,projects/opn-platform-ca-prod/logs/appengine.googleapis.com%2Frequest_log,2020-09-27T22:15:44.126503363Z,type.googleapis.com/google.appengine.logging.v1.RequestLog,k~opn-platform-ca-prod,20200927t102049,5f710f0a00ff0c63ed8da338d400016b7e6f706e2d706c6174666f726d2d63612d70726f64000170617373706f72743a323032303039323774313032303439000100,2607:fea8:3c60:149d:2c74:15d2:5cb:c054,2020-09-27T22:15:38.812013Z,2020-09-27T22:15:44.125672Z,5.313659s,411,POST,/user/status/update,HTTP/1.1,502,288,okhttp/4.5.0,auto,passport.services.ca.stayopn.net,3.2186e-8,-1,true,00c61b117c84d458005632501f3a1e8ed5725690698e96a64619a238aaa0260d1fd80e1f5c,passport,1.9.71,1f18b30986c8b953ea0684afaaaf2dcd,true,true,,,,502,5f710f0a00ff0c63ed8da338d400016b7e6f706e2d706c6174666f726d2d63612d70726f64000170617373706f72743a323032303039323774313032303439000100,appengine.googleapis.com/request_id,true,true,projects/opn-platform-ca-prod/traces/1f18b30986c8b953ea0684afaaaf2dcd,true
,5f710ea8000e8192a8c1d723,gae_app,northamerica-northeast1-1,20200927t102049,passport,opn-platform-ca-prod,2020-09-27T22:13:55.494403Z,00c61b117c84d458005632501f3a1e8ed5725690698e96a64619a238aaa0260d1fd80e1f5c,projects/opn-platform-ca-prod/logs/appengine.googleapis.com%2Frequest_log,2020-09-27T22:14:00.951318951Z,type.googleapis.com/google.appengine.logging.v1.RequestLog,k~opn-platform-ca-prod,20200927t102049,5f710ea300ff078b4390f8465400016b7e6f706e2d706c6174666f726d2d63612d70726f64000170617373706f72743a323032303039323774313032303439000100,2607:fea8:3c60:149d:2c74:15d2:5cb:c054,2020-09-27T22:13:55.494403Z,2020-09-27T22:14:00.755645Z,5.261242s,158,POST,/user/status/update,HTTP/1.1,502,288,okhttp/4.5.0,auto,passport.services.ca.stayopn.net,3.2186e-8,-1,true,00c61b117c84d458005632501f3a1e8ed5725690698e96a64619a238aaa0260d1fd80e1f5c,passport,1.9.71,d232592f31964eef2b961c81790f645a,true,true,,,,502,5f710ea300ff078b4390f8465400016b7e6f706e2d706c6174666f726d2d63612d70726f64000170617373706f72743a323032303039323774313032303439000100,appengine.googleapis.com/request_id,true,true,projects/opn-platform-ca-prod/traces/d232592f31964eef2b961c81790f645a,true
,5f710e9d00099435131f045d,gae_app,northamerica-northeast1-1,20200927t102049,passport,opn-platform-ca-prod,2020-09-27T22:13:44.295944Z,00c61b117c84d458005632501f3a1e8ed5725690698e96a64619a238aaa0260d1fd80e1f5c,projects/opn-platform-ca-prod/logs/appengine.googleapis.com%2Frequest_log,2020-09-27T22:13:49.628496832Z,type.googleapis.com/google.appengine.logging.v1.RequestLog,k~opn-platform-ca-prod,20200927t102049,5f710e9800ff048408b44b29c400016b7e6f706e2d706c6174666f726d2d63612d70726f64000170617373706f72743a323032303039323774313032303439000100,2607:fea8:3c60:149d:2c74:15d2:5cb:c054,2020-09-27T22:13:44.295944Z,2020-09-27T22:13:49.627601Z,5.331657s,185,POST,/user/status/update,HTTP/1.1,502,288,okhttp/4.5.0,auto,passport.services.ca.stayopn.net,3.2186e-8,-1,true,00c61b117c84d458005632501f3a1e8ed5725690698e96a64619a238aaa0260d1fd80e1f5c,passport,1.9.71,843574bb18ede591522da3e3c0320f3a,true,true,,,,502,5f710e9800ff048408b44b29c400016b7e6f706e2d706c6174666f726d2d63612d70726f64000170617373706f72743a323032303039323774313032303439000100,appengine.googleapis.com/request_id,true,true,projects/opn-platform-ca-prod/traces/843574bb18ede591522da3e3c0320f3a,true
,5f70ffc70006ce2e53c8b68d,gae_app,northamerica-northeast1-1,20200927t102049,passport,opn-platform-ca-prod,2020-09-27T21:10:26.232583Z,00c61b117c84d458005632501f3a1e8ed5725690698e96a64619a238aaa0260d1fd80e1f5c,projects/opn-platform-ca-prod/logs/appengine.googleapis.com%2Frequest_log,2020-09-27T21:10:31.446536816Z,type.googleapis.com/google.appengine.logging.v1.RequestLog,k~opn-platform-ca-prod,20200927t102049,5f70ff00c200ff038c872e63109600016b7e6f706e2d706c6174666f726d2d63612d70726f64000170617373706f72743a323032303039323774313032303439000100,70.26.73.130,2020-09-27T21:10:26.232583Z,2020-09-27T21:10:31.445842Z,5.213259s,183,POST,/user/status/update,HTTP/1.1,502,288,OPN/2 CFNetwork/1197 Darwin/20.0.0,auto,passport.services.ca.stayopn.net,3.2186e-8,-1,true,00c61b117c84d458005632501f3a1e8ed5725690698e96a64619a238aaa0260d1fd80e1f5c,passport,1.9.71,7eaddb8b53855f93e4f8f466ef40ce5c,true,true,,,,502,5f70ff00c200ff038c872e63109600016b7e6f706e2d706c6174666f726d2d63612d70726f64000170617373706f72743a323032303039323774313032303439000100,appengine.googleapis.com/request_id,true,true,projects/opn-platform-ca-prod/traces/7eaddb8b53855f93e4f8f466ef40ce5c,true
,5f70f5610004105925229049,gae_app,northamerica-northeast1-1,20200927t102049,passport,opn-platform-ca-prod,2020-09-27T20:26:03.800179Z,00c61b117c84d458005632501f3a1e8ed5725690698e96a64619a238aaa0260d1fd80e1f5c,projects/opn-platform-ca-prod/logs/appengine.googleapis.com%2Frequest_log,2020-09-27T20:26:09.267793734Z,type.googleapis.com/google.appengine.logging.v1.RequestLog,k~opn-platform-ca-prod,20200927t102049,5f70f55b00ff0c35b37225bddf00016b7e6f706e2d706c6174666f726d2d63612d70726f64000170617373706f72743a323032303039323774313032303439000100,2607:fea8:20c0:8f9:88b7:2a6e:90fd:4923,2020-09-27T20:26:03.800179Z,2020-09-27T20:26:09.266197Z,5.466018s,143,POST,/user/status/update,HTTP/1.1,502,288,okhttp/4.5.0,auto,passport.services.ca.stayopn.net,3.2186e-8,-1,true,00c61b117c84d458005632501f3a1e8ed5725690698e96a64619a238aaa0260d1fd80e1f5c,passport,1.9.71,0f3a331bac99b63a3b02b286e83451da,true,true,,,,502,5f70f55b00ff0c35b37225bddf00016b7e6f706e2d706c6174666f726d2d63612d70726f64000170617373706f72743a323032303039323774313032303439000100,appengine.googleapis.com/request_id,true,true,projects/opn-platform-ca-prod/traces/0f3a331bac99b63a3b02b286e83451da,true
,5f70f54f00032eaef92057ac,gae_app,northamerica-northeast1-1,20200927t102049,passport,opn-platform-ca-prod,2020-09-27T20:25:45.869133Z,00c61b117c84d458005632501f3a1e8ed5725690698e96a64619a238aaa0260d1fd80e1f5c,projects/opn-platform-ca-prod/logs/appengine.googleapis.com%2Frequest_log,2020-09-27T20:25:51.209057054Z,type.googleapis.com/google.appengine.logging.v1.RequestLog,k~opn-platform-ca-prod,20200927t102049,5f70f54900ff0d430dc85499f500016b7e6f706e2d706c6174666f726d2d63612d70726f64000170617373706f72743a323032303039323774313032303439000100,2607:fea8:20c0:8f9:88b7:2a6e:90fd:4923,2020-09-27T20:25:45.869133Z,2020-09-27T20:25:51.208413Z,5.339280s,566,POST,/user/status/update,HTTP/1.1,502,288,okhttp/4.5.0,auto,passport.services.ca.stayopn.net,3.2186e-8,-1,true,00c61b117c84d458005632501f3a1e8ed5725690698e96a64619a238aaa0260d1fd80e1f5c,passport,1.9.71,fb70a2938a5b845bc896c6c561cf6d37,true,true,,,,502,5f70f54900ff0d430dc85499f500016b7e6f706e2d706c6174666f726d2d63612d70726f64000170617373706f72743a323032303039323774313032303439000100,appengine.googleapis.com/request_id,true,true,projects/opn-platform-ca-prod/traces/fb70a2938a5b845bc896c6c561cf6d37,true
,5f70f18e000a8383d382f72b,gae_app,northamerica-northeast1-1,20200927t102049,passport,opn-platform-ca-prod,2020-09-27T20:09:45.403490Z,00c61b117c84d458005632501f3a1e8ed5725690698e96a64619a238aaa0260d1fd80e1f5c,projects/opn-platform-ca-prod/logs/appengine.googleapis.com%2Frequest_log,2020-09-27T20:09:50.689585247Z,type.googleapis.com/google.appengine.logging.v1.RequestLog,k~opn-platform-ca-prod,20200927t102049,5f70f18900ff0628222647b81c00016b7e6f706e2d706c6174666f726d2d63612d70726f64000170617373706f72743a323032303039323774313032303439000100,70.53.73.95,2020-09-27T20:09:45.403490Z,2020-09-27T20:09:50.645327Z,5.241837s,97,POST,/user/status/update,HTTP/1.1,502,288,okhttp/4.5.0,auto,passport.services.ca.stayopn.net,3.2186e-8,-1,true,00c61b117c84d458005632501f3a1e8ed5725690698e96a64619a238aaa0260d1fd80e1f5c,passport,1.9.71,2b9ecd47eb1499c596a7823d5914f91f,true,,,,,502,5f70f18900ff0628222647b81c00016b7e6f706e2d706c6174666f726d2d63612d70726f64000170617373706f72743a323032303039323774313032303439000100,appengine.googleapis.com/request_id,true,true,projects/opn-platform-ca-prod/traces/2b9ecd47eb1499c596a7823d5914f91f,
,5f70f18500007a1418a88ddf,gae_app,northamerica-northeast1-1,20200927t102049,passport,opn-platform-ca-prod,2020-09-27T20:09:35.834978Z,00c61b117c84d458005632501f3a1e8ed5725690698e96a64619a238aaa0260d1fd80e1f5c,projects/opn-platform-ca-prod/logs/appengine.googleapis.com%2Frequest_log,2020-09-27T20:09:41.032521267Z,type.googleapis.com/google.appengine.logging.v1.RequestLog,k~opn-platform-ca-prod,20200927t102049,5f70f17f00ff0cbda225a09e4f00016b7e6f706e2d706c6174666f726d2d63612d70726f64000170617373706f72743a323032303039323774313032303439000100,70.53.73.95,2020-09-27T20:09:35.834978Z,2020-09-27T20:09:41.031111Z,5.196133s,253,POST,/user/status/update,HTTP/1.1,502,288,okhttp/4.5.0,auto,passport.services.ca.stayopn.net,3.2186e-8,-1,true,00c61b117c84d458005632501f3a1e8ed5725690698e96a64619a238aaa0260d1fd80e1f5c,passport,1.9.71,338c41a5fdb1f75a58a18e44c018f215,true,true,,,,502,5f70f17f00ff0cbda225a09e4f00016b7e6f706e2d706c6174666f726d2d63612d70726f64000170617373706f72743a323032303039323774313032303439000100,appengine.googleapis.com/request_id,true,true,projects/opn-platform-ca-prod/traces/338c41a5fdb1f75a58a18e44c018f215,true
,5f70e58e00069eb3e8d12e3c,gae_app,northamerica-northeast1-1,20200927t102049,passport,opn-platform-ca-prod,2020-09-27T19:18:33.156348Z,00c61b117c84d458005632501f3a1e8ed5725690698e96a64619a238aaa0260d1fd80e1f5c,projects/opn-platform-ca-prod/logs/appengine.googleapis.com%2Frequest_log,2020-09-27T19:18:38.434443236Z,type.googleapis.com/google.appengine.logging.v1.RequestLog,k~opn-platform-ca-prod,20200927t102049,5f70e58900ff0262bc0e76526500016b7e6f706e2d706c6174666f726d2d63612d70726f64000170617373706f72743a323032303039323774313032303439000100,99.229.156.200,2020-09-27T19:18:33.156348Z,2020-09-27T19:18:38.433703Z,5.277355s,266,POST,/user/status/update,HTTP/1.1,502,288,okhttp/4.5.0,auto,passport.services.ca.stayopn.net,3.2186e-8,-1,true,00c61b117c84d458005632501f3a1e8ed5725690698e96a64619a238aaa0260d1fd80e1f5c,passport,1.9.71,97ec631e6266547259d9eb4d2f5e3be0,true,true,,,,502,5f70e58900ff0262bc0e76526500016b7e6f706e2d706c6174666f726d2d63612d70726f64000170617373706f72743a323032303039323774313032303439000100,appengine.googleapis.com/request_id,true,true,projects/opn-platform-ca-prod/traces/97ec631e6266547259d9eb4d2f5e3be0,true
,5f70d69e000c39eae749370e,gae_app,northamerica-northeast1-1,20200927t101614,enterprise,opn-platform-ca-prod,2020-09-27T18:14:49.532594Z,00c61b117ca225d90d1957f84d5bbe0546b3faafd99f31b81b8999545ef5c6d5335f04fb25,projects/opn-platform-ca-prod/logs/appengine.googleapis.com%2Frequest_log,2020-09-27T18:14:54.801895886Z,type.googleapis.com/google.appengine.logging.v1.RequestLog,k~opn-platform-ca-prod,20200927t101614,5f70d69900ff0820724681cf8b00016b7e6f706e2d706c6174666f726d2d63612d70726f640001656e74657270726973653a323032303039323774313031363134000100,70.24.130.87,2020-09-27T18:14:49.532594Z,2020-09-27T18:14:54.800925Z,5.268331s,1767,PUT,/user/connect/link/YJ8ZUAmtwTTtny85umlZ,HTTP/1.1,502,288,OPN/14 CFNetwork/1126 Darwin/19.5.0,auto,enterprise.services.ca.stayopn.net,3.2186e-8,-1,true,00c61b117ca225d90d1957f84d5bbe0546b3faafd99f31b81b8999545ef5c6d5335f04fb25,enterprise,1.9.71,42b3bb2e7e6f8df97e169cfbd232b43f,true,true,,,,502,5f70d69900ff0820724681cf8b00016b7e6f706e2d706c6174666f726d2d63612d70726f640001656e74657270726973653a323032303039323774313031363134000100,appengine.googleapis.com/request_id,true,true,projects/opn-platform-ca-prod/traces/42b3bb2e7e6f8df97e169cfbd232b43f,true
,5f70c751000040d17ec4b8ee,gae_app,northamerica-northeast1-1,20200927t102049,passport,opn-platform-ca-prod,2020-09-27T17:09:31.675755Z,00c61b117c84d458005632501f3a1e8ed5725690698e96a64619a238aaa0260d1fd80e1f5c,projects/opn-platform-ca-prod/logs/appengine.googleapis.com%2Frequest_log,2020-09-27T17:09:37.017244409Z,type.googleapis.com/google.appengine.logging.v1.RequestLog,k~opn-platform-ca-prod,20200927t102049,5f70c74b00ff0a4fab8e8e30de00016b7e6f706e2d706c6174666f726d2d63612d70726f64000170617373706f72743a323032303039323774313032303439000100,209.141.169.145,2020-09-27T17:09:31.675755Z,2020-09-27T17:09:36.897670Z,5.221915s,117,POST,/user/status/update,HTTP/1.1,502,288,okhttp/4.5.0,auto,passport.services.ca.stayopn.net,3.2186e-8,-1,true,00c61b117c84d458005632501f3a1e8ed5725690698e96a64619a238aaa0260d1fd80e1f5c,passport,1.9.71,649e1161444c1fc742ff0fcf9d839826,true,true,,,,502,5f70c74b00ff0a4fab8e8e30de00016b7e6f706e2d706c6174666f726d2d63612d70726f64000170617373706f72743a323032303039323774313032303439000100,appengine.googleapis.com/request_id,true,true,projects/opn-platform-ca-prod/traces/649e1161444c1fc742ff0fcf9d839826,true
,5f70c748000a8a3046cbb9f4,gae_app,northamerica-northeast1-1,20200927t102049,passport,opn-platform-ca-prod,2020-09-27T17:09:23.470857Z,00c61b117c84d458005632501f3a1e8ed5725690698e96a64619a238aaa0260d1fd80e1f5c,projects/opn-platform-ca-prod/logs/appengine.googleapis.com%2Frequest_log,2020-09-27T17:09:28.691409383Z,type.googleapis.com/google.appengine.logging.v1.RequestLog,k~opn-platform-ca-prod,20200927t102049,5f70c74300ff072f49ac48bb4400016b7e6f706e2d706c6174666f726d2d63612d70726f64000170617373706f72743a323032303039323774313032303439000100,70.51.100.109,2020-09-27T17:09:23.470857Z,2020-09-27T17:09:28.663272Z,5.192415s,8,POST,/user/status/update,HTTP/1.1,502,288,OPN/2 CFNetwork/1128.0.1 Darwin/19.6.0,auto,passport.services.ca.stayopn.net,3.2186e-8,-1,true,00c61b117c84d458005632501f3a1e8ed5725690698e96a64619a238aaa0260d1fd80e1f5c,passport,1.9.71,5df5941fc99528fedf1a05b2800d4d59,true,,,,,502,5f70c74300ff072f49ac48bb4400016b7e6f706e2d706c6174666f726d2d63612d70726f64000170617373706f72743a323032303039323774313032303439000100,appengine.googleapis.com/request_id,true,true,projects/opn-platform-ca-prod/traces/5df5941fc99528fedf1a05b2800d4d59,
,5f70c74500006bbda7d5b8f6,gae_app,northamerica-northeast1-1,20200927t102049,passport,opn-platform-ca-prod,2020-09-27T17:09:19.766586Z,00c61b117c84d458005632501f3a1e8ed5725690698e96a64619a238aaa0260d1fd80e1f5c,projects/opn-platform-ca-prod/logs/appengine.googleapis.com%2Frequest_log,2020-09-27T17:09:25.028207673Z,type.googleapis.com/google.appengine.logging.v1.RequestLog,k~opn-platform-ca-prod,20200927t102049,5f70c73f00ff0bb27a0dd19e5700016b7e6f706e2d706c6174666f726d2d63612d70726f64000170617373706f72743a323032303039323774313032303439000100,209.141.169.145,2020-09-27T17:09:19.766586Z,2020-09-27T17:09:25.027409Z,5.260823s,180,POST,/user/status/update,HTTP/1.1,502,288,okhttp/4.5.0,auto,passport.services.ca.stayopn.net,3.2186e-8,-1,true,00c61b117c84d458005632501f3a1e8ed5725690698e96a64619a238aaa0260d1fd80e1f5c,passport,1.9.71,6eb7a8d09a89d215cb3ceedbfa6461c3,true,true,,,,502,5f70c73f00ff0bb27a0dd19e5700016b7e6f706e2d706c6174666f726d2d63612d70726f64000170617373706f72743a323032303039323774313032303439000100,appengine.googleapis.com/request_id,true,true,projects/opn-platform-ca-prod/traces/6eb7a8d09a89d215cb3ceedbfa6461c3,true
,5f70c6ff0005455d11285f82,gae_app,northamerica-northeast1-1,20200927t102049,passport,opn-platform-ca-prod,2020-09-27T17:08:10.140264Z,00c61b117c84d458005632501f3a1e8ed5725690698e96a64619a238aaa0260d1fd80e1f5c,projects/opn-platform-ca-prod/logs/appengine.googleapis.com%2Frequest_log,2020-09-27T17:08:15.346120786Z,type.googleapis.com/google.appengine.logging.v1.RequestLog,k~opn-platform-ca-prod,20200927t102049,5f70c6fa00ff0223e83c3d4e2500016b7e6f706e2d706c6174666f726d2d63612d70726f64000170617373706f72743a323032303039323774313032303439000100,70.51.100.109,2020-09-27T17:08:10.140264Z,2020-09-27T17:08:15.345288Z,5.205024s,129,POST,/user/status/update,HTTP/1.1,502,288,OPN/2 CFNetwork/1128.0.1 Darwin/19.6.0,auto,passport.services.ca.stayopn.net,3.2186e-8,-1,true,00c61b117c84d458005632501f3a1e8ed5725690698e96a64619a238aaa0260d1fd80e1f5c,passport,1.9.71,600c96adde03c321d552b7e718f20f77,true,true,,,,502,5f70c6fa00ff0223e83c3d4e2500016b7e6f706e2d706c6174666f726d2d63612d70726f64000170617373706f72743a323032303039323774313032303439000100,appengine.googleapis.com/request_id,true,true,projects/opn-platform-ca-prod/traces/600c96adde03c321d552b7e718f20f77,true
,5f70c64f0005bab7b1fd1b81,gae_app,northamerica-northeast1-1,20200927t102049,passport,opn-platform-ca-prod,2020-09-27T17:05:14.102974Z,00c61b117c84d458005632501f3a1e8ed5725690698e96a64619a238aaa0260d1fd80e1f5c,projects/opn-platform-ca-prod/logs/appengine.googleapis.com%2Frequest_log,2020-09-27T17:05:19.376117261Z,type.googleapis.com/google.appengine.logging.v1.RequestLog,k~opn-platform-ca-prod,20200927t102049,5f70c64a00ff01923efec51cd900016b7e6f706e2d706c6174666f726d2d63612d70726f64000170617373706f72743a323032303039323774313032303439000100,70.51.100.109,2020-09-27T17:05:14.102974Z,2020-09-27T17:05:19.348160Z,5.245186s,103,POST,/user/status/update,HTTP/1.1,502,288,OPN/2 CFNetwork/1128.0.1 Darwin/19.6.0,auto,passport.services.ca.stayopn.net,3.2186e-8,-1,true,00c61b117c84d458005632501f3a1e8ed5725690698e96a64619a238aaa0260d1fd80e1f5c,passport,1.9.71,fbdc961554abe23ad1bb0ca4c3e017bc,true,,,,,502,5f70c64a00ff01923efec51cd900016b7e6f706e2d706c6174666f726d2d63612d70726f64000170617373706f72743a323032303039323774313032303439000100,appengine.googleapis.com/request_id,true,true,projects/opn-platform-ca-prod/traces/fbdc961554abe23ad1bb0ca4c3e017bc,
,5f70c3010005702fbd376274,gae_app,northamerica-northeast1-1,20200927t102049,passport,opn-platform-ca-prod,2020-09-27T16:51:08.176657Z,00c61b117c84d458005632501f3a1e8ed5725690698e96a64619a238aaa0260d1fd80e1f5c,projects/opn-platform-ca-prod/logs/appengine.googleapis.com%2Frequest_log,2020-09-27T16:51:13.356986353Z,type.googleapis.com/google.appengine.logging.v1.RequestLog,k~opn-platform-ca-prod,20200927t102049,5f70c2fc00ff02b21131fe183900016b7e6f706e2d706c6174666f726d2d63612d70726f64000170617373706f72743a323032303039323774313032303439000100,70.51.100.109,2020-09-27T16:51:08.176657Z,2020-09-27T16:51:13.356262Z,5.179605s,199,POST,/user/status/update,HTTP/1.1,502,288,OPN/2 CFNetwork/1128.0.1 Darwin/19.6.0,auto,passport.services.ca.stayopn.net,3.2186e-8,-1,true,00c61b117c84d458005632501f3a1e8ed5725690698e96a64619a238aaa0260d1fd80e1f5c,passport,1.9.71,9fffbee36f53426968c42d87be29a214,true,true,,,,502,5f70c2fc00ff02b21131fe183900016b7e6f706e2d706c6174666f726d2d63612d70726f64000170617373706f72743a323032303039323774313032303439000100,appengine.googleapis.com/request_id,true,true,projects/opn-platform-ca-prod/traces/9fffbee36f53426968c42d87be29a214,true
,5f70c23e000ae327c4b59407,gae_app,northamerica-northeast1-1,20200927t102049,passport,opn-platform-ca-prod,2020-09-27T16:47:53.386559Z,00c61b117c84d458005632501f3a1e8ed5725690698e96a64619a238aaa0260d1fd80e1f5c,projects/opn-platform-ca-prod/logs/appengine.googleapis.com%2Frequest_log,2020-09-27T16:47:58.714284019Z,type.googleapis.com/google.appengine.logging.v1.RequestLog,k~opn-platform-ca-prod,20200927t102049,5f70c23900ff05e5ff003ef18d9a00016b7e6f706e2d706c6174666f726d2d63612d70726f64000170617373706f72743a323032303039323774313032303439000100,70.51.100.109,2020-09-27T16:47:53.386559Z,2020-09-27T16:47:58.713341Z,5.326782s,394,POST,/user/status/update,HTTP/1.1,502,288,OPN/2 CFNetwork/1128.0.1 Darwin/19.6.0,auto,passport.services.ca.stayopn.net,3.2186e-8,-1,true,00c61b117c84d458005632501f3a1e8ed5725690698e96a64619a238aaa0260d1fd80e1f5c,passport,1.9.71,2da5cabc9ad0ea948f0db8ef87bfb687,true,true,,,,502,5f70c23900ff05e5ff003ef18d9a00016b7e6f706e2d706c6174666f726d2d63612d70726f64000170617373706f72743a323032303039323774313032303439000100,appengine.googleapis.com/request_id,true,true,projects/opn-platform-ca-prod/traces/2da5cabc9ad0ea948f0db8ef87bfb687,true
,5f70c1fd00013e6429c9bfdd,gae_app,northamerica-northeast1-1,20200927t102049,passport,opn-platform-ca-prod,2020-09-27T16:46:47.820131Z,00c61b117c84d458005632501f3a1e8ed5725690698e96a64619a238aaa0260d1fd80e1f5c,projects/opn-platform-ca-prod/logs/appengine.googleapis.com%2Frequest_log,2020-09-27T16:46:53.085062792Z,type.googleapis.com/google.appengine.logging.v1.RequestLog,k~opn-platform-ca-prod,20200927t102049,5f70c1f700ff0c83a3d382096600016b7e6f706e2d706c6174666f726d2d63612d70726f64000170617373706f72743a323032303039323774313032303439000100,70.51.100.109,2020-09-27T16:46:47.820131Z,2020-09-27T16:46:53.081194Z,5.261063s,205,POST,/user/status/update,HTTP/1.1,502,288,OPN/2 CFNetwork/1128.0.1 Darwin/19.6.0,auto,passport.services.ca.stayopn.net,3.2186e-8,-1,true,00c61b117c84d458005632501f3a1e8ed5725690698e96a64619a238aaa0260d1fd80e1f5c,passport,1.9.71,1be7eacb758a9544601db936066b9a06,true,true,,,,502,5f70c1f700ff0c83a3d382096600016b7e6f706e2d706c6174666f726d2d63612d70726f64000170617373706f72743a323032303039323774313032303439000100,appengine.googleapis.com/request_id,true,true,projects/opn-platform-ca-prod/traces/1be7eacb758a9544601db936066b9a06,true
,5f70be8d0002bcab9efb8d03,gae_app,northamerica-northeast1-1,20200927t102049,passport,opn-platform-ca-prod,2020-09-27T16:32:07.991283Z,00c61b117c84d458005632501f3a1e8ed5725690698e96a64619a238aaa0260d1fd80e1f5c,projects/opn-platform-ca-prod/logs/appengine.googleapis.com%2Frequest_log,2020-09-27T16:32:13.179973668Z,type.googleapis.com/google.appengine.logging.v1.RequestLog,k~opn-platform-ca-prod,20200927t102049,5f70be8700ff0f20336f6d2c1200016b7e6f706e2d706c6174666f726d2d63612d70726f64000170617373706f72743a323032303039323774313032303439000100,2607:fea8:a4a0:17d:b558:e3ec:a874:ebed,2020-09-27T16:32:07.991283Z,2020-09-27T16:32:13.179238Z,5.187955s,239,POST,/user/status/update,HTTP/1.1,502,288,okhttp/4.5.0,auto,passport.services.ca.stayopn.net,3.2186e-8,-1,true,00c61b117c84d458005632501f3a1e8ed5725690698e96a64619a238aaa0260d1fd80e1f5c,passport,1.9.71,eb7bfe36b6e1d52a746736675e39fa2d,true,true,,,,502,5f70be8700ff0f20336f6d2c1200016b7e6f706e2d706c6174666f726d2d63612d70726f64000170617373706f72743a323032303039323774313032303439000100,appengine.googleapis.com/request_id,true,true,projects/opn-platform-ca-prod/traces/eb7bfe36b6e1d52a746736675e39fa2d,true
,5f70be57000b1ce08f631c69,gae_app,northamerica-northeast1-1,20200927t102049,passport,opn-platform-ca-prod,2020-09-27T16:31:14.502132Z,00c61b117c84d458005632501f3a1e8ed5725690698e96a64619a238aaa0260d1fd80e1f5c,projects/opn-platform-ca-prod/logs/appengine.googleapis.com%2Frequest_log,2020-09-27T16:31:19.728902845Z,type.googleapis.com/google.appengine.logging.v1.RequestLog,k~opn-platform-ca-prod,20200927t102049,5f70be5200ff07a974f778c6a700016b7e6f706e2d706c6174666f726d2d63612d70726f64000170617373706f72743a323032303039323774313032303439000100,2607:fea8:a4a0:17d:b558:e3ec:a874:ebed,2020-09-27T16:31:14.502132Z,2020-09-27T16:31:19.728141Z,5.226009s,221,POST,/user/status/update,HTTP/1.1,502,288,okhttp/4.5.0,auto,passport.services.ca.stayopn.net,3.2186e-8,-1,true,00c61b117c84d458005632501f3a1e8ed5725690698e96a64619a238aaa0260d1fd80e1f5c,passport,1.9.71,fddbc71ff431fef756d01da030bfe1ee,true,true,,,,502,5f70be5200ff07a974f778c6a700016b7e6f706e2d706c6174666f726d2d63612d70726f64000170617373706f72743a323032303039323774313032303439000100,appengine.googleapis.com/request_id,true,true,projects/opn-platform-ca-prod/traces/fddbc71ff431fef756d01da030bfe1ee,true
,5f70b7520007c504744c2271,gae_app,northamerica-northeast1-1,20200927t102049,passport,opn-platform-ca-prod,2020-09-27T16:01:16.970497Z,00c61b117c84d458005632501f3a1e8ed5725690698e96a64619a238aaa0260d1fd80e1f5c,projects/opn-platform-ca-prod/logs/appengine.googleapis.com%2Frequest_log,2020-09-27T16:01:22.513617139Z,type.googleapis.com/google.appengine.logging.v1.RequestLog,k~opn-platform-ca-prod,20200927t102049,5f70b74c00ff0ecf016edb3fcf00016b7e6f706e2d706c6174666f726d2d63612d70726f64000170617373706f72743a323032303039323774313032303439000100,2605:8d80:6e0:cdcf:7140:275b:1d91:7834,2020-09-27T16:01:16.970497Z,2020-09-27T16:01:22.192581Z,5.222084s,106,POST,/user/status/update,HTTP/1.1,502,288,okhttp/4.5.0,auto,passport.services.ca.stayopn.net,3.2186e-8,-1,true,00c61b117c84d458005632501f3a1e8ed5725690698e96a64619a238aaa0260d1fd80e1f5c,passport,1.9.71,9ac6a91f3d88d23870223b81ea9a431d,true,,,,,502,5f70b74c00ff0ecf016edb3fcf00016b7e6f706e2d706c6174666f726d2d63612d70726f64000170617373706f72743a323032303039323774313032303439000100,appengine.googleapis.com/request_id,true,true,projects/opn-platform-ca-prod/traces/9ac6a91f3d88d23870223b81ea9a431d,
,5f70b74b0002c96f6874935d,gae_app,northamerica-northeast1-1,20200927t102049,passport,opn-platform-ca-prod,2020-09-27T16:01:09.927065Z,00c61b117c84d458005632501f3a1e8ed5725690698e96a64619a238aaa0260d1fd80e1f5c,projects/opn-platform-ca-prod/logs/appengine.googleapis.com%2Frequest_log,2020-09-27T16:01:15.183197838Z,type.googleapis.com/google.appengine.logging.v1.RequestLog,k~opn-platform-ca-prod,20200927t102049,5f70b74500ff0e2559679159ac00016b7e6f706e2d706c6174666f726d2d63612d70726f64000170617373706f72743a323032303039323774313032303439000100,2605:8d80:6e0:cdcf:7140:275b:1d91:7834,2020-09-27T16:01:09.927065Z,2020-09-27T16:01:15.182500Z,5.255435s,136,POST,/user/status/update,HTTP/1.1,502,288,okhttp/4.5.0,auto,passport.services.ca.stayopn.net,3.2186e-8,-1,true,00c61b117c84d458005632501f3a1e8ed5725690698e96a64619a238aaa0260d1fd80e1f5c,passport,1.9.71,8bcf2b33e559b58945fca86034fdf4e3,true,true,,,,502,5f70b74500ff0e2559679159ac00016b7e6f706e2d706c6174666f726d2d63612d70726f64000170617373706f72743a323032303039323774313032303439000100,appengine.googleapis.com/request_id,true,true,projects/opn-platform-ca-prod/traces/8bcf2b33e559b58945fca86034fdf4e3,true
,5f70b73d0002d35235a9cfd5,gae_app,northamerica-northeast1-1,20200927t102049,passport,opn-platform-ca-prod,2020-09-27T16:00:55.713609Z,00c61b117c84d458005632501f3a1e8ed5725690698e96a64619a238aaa0260d1fd80e1f5c,projects/opn-platform-ca-prod/logs/appengine.googleapis.com%2Frequest_log,2020-09-27T16:01:01.185655958Z,type.googleapis.com/google.appengine.logging.v1.RequestLog,k~opn-platform-ca-prod,20200927t102049,5f70b73700ff0ae3891d63b7eb00016b7e6f706e2d706c6174666f726d2d63612d70726f64000170617373706f72743a323032303039323774313032303439000100,99.231.201.147,2020-09-27T16:00:55.713609Z,2020-09-27T16:01:01.003778Z,5.290169s,111,POST,/user/status/update,HTTP/1.1,502,288,okhttp/4.5.0,auto,passport.services.ca.stayopn.net,3.2186e-8,-1,true,00c61b117c84d458005632501f3a1e8ed5725690698e96a64619a238aaa0260d1fd80e1f5c,passport,1.9.71,0bc6a58ea5d89270621b9635628373e8,true,,,,,502,5f70b73700ff0ae3891d63b7eb00016b7e6f706e2d706c6174666f726d2d63612d70726f64000170617373706f72743a323032303039323774313032303439000100,appengine.googleapis.com/request_id,true,true,projects/opn-platform-ca-prod/traces/0bc6a58ea5d89270621b9635628373e8,
,5f70b734000d1d4335805ab4,gae_app,northamerica-northeast1-1,20200927t102049,passport,opn-platform-ca-prod,2020-09-27T16:00:47.456973Z,00c61b117c84d458005632501f3a1e8ed5725690698e96a64619a238aaa0260d1fd80e1f5c,projects/opn-platform-ca-prod/logs/appengine.googleapis.com%2Frequest_log,2020-09-27T16:00:52.860129677Z,type.googleapis.com/google.appengine.logging.v1.RequestLog,k~opn-platform-ca-prod,20200927t102049,5f70b72f00ff06f90d351690e600016b7e6f706e2d706c6174666f726d2d63612d70726f64000170617373706f72743a323032303039323774313032303439000100,99.231.201.147,2020-09-27T16:00:47.456973Z,2020-09-27T16:00:52.859305Z,5.402332s,189,POST,/user/status/update,HTTP/1.1,502,288,okhttp/4.5.0,auto,passport.services.ca.stayopn.net,3.2186e-8,-1,true,00c61b117c84d458005632501f3a1e8ed5725690698e96a64619a238aaa0260d1fd80e1f5c,passport,1.9.71,191ed31e5ee64483ea27c3a439e3eda3,true,true,,,,502,5f70b72f00ff06f90d351690e600016b7e6f706e2d706c6174666f726d2d63612d70726f64000170617373706f72743a323032303039323774313032303439000100,appengine.googleapis.com/request_id,true,true,projects/opn-platform-ca-prod/traces/191ed31e5ee64483ea27c3a439e3eda3,true
,5f70a95f000eee893afdde3d,gae_app,northamerica-northeast1-1,20200927t102049,passport,opn-platform-ca-prod,2020-09-27T15:01:46.776407Z,00c61b117c84d458005632501f3a1e8ed5725690698e96a64619a238aaa0260d1fd80e1f5c,projects/opn-platform-ca-prod/logs/appengine.googleapis.com%2Frequest_log,2020-09-27T15:01:51.979332282Z,type.googleapis.com/google.appengine.logging.v1.RequestLog,k~opn-platform-ca-prod,20200927t102049,5f70a95a00ff0bd8d730b300ffe100016b7e6f706e2d706c6174666f726d2d63612d70726f64000170617373706f72743a323032303039323774313032303439000100,2607:fea8:3de0:dad0:43e:c670:4930:6fea,2020-09-27T15:01:46.776407Z,2020-09-27T15:01:51.978335Z,5.201928s,210,POST,/user/status/update,HTTP/1.1,502,288,okhttp/4.5.0,auto,passport.services.ca.stayopn.net,3.2186e-8,-1,true,00c61b117c84d458005632501f3a1e8ed5725690698e96a64619a238aaa0260d1fd80e1f5c,passport,1.9.71,6c4b07abfc849e28637d35c07433e8d8,true,true,,,,502,5f70a95a00ff0bd8d730b300ffe100016b7e6f706e2d706c6174666f726d2d63612d70726f64000170617373706f72743a323032303039323774313032303439000100,appengine.googleapis.com/request_id,true,true,projects/opn-platform-ca-prod/traces/6c4b07abfc849e28637d35c07433e8d8,true
,5f70a9310004a0e5cfe23140,gae_app,northamerica-northeast1-1,20200927t102049,passport,opn-platform-ca-prod,2020-09-27T15:01:00.001320Z,00c61b117c84d458005632501f3a1e8ed5725690698e96a64619a238aaa0260d1fd80e1f5c,projects/opn-platform-ca-prod/logs/appengine.googleapis.com%2Frequest_log,2020-09-27T15:01:05.304068653Z,type.googleapis.com/google.appengine.logging.v1.RequestLog,k~opn-platform-ca-prod,20200927t102049,5f70a92c00ff00ff05280f23c16600016b7e6f706e2d706c6174666f726d2d63612d70726f64000170617373706f72743a323032303039323774313032303439000100,2607:fea8:3de0:dad0:43e:c670:4930:6fea,2020-09-27T15:01:00.001320Z,2020-09-27T15:01:05.303165Z,5.301845s,575,POST,/user/status/update,HTTP/1.1,502,288,okhttp/4.5.0,auto,passport.services.ca.stayopn.net,3.2186e-8,-1,true,00c61b117c84d458005632501f3a1e8ed5725690698e96a64619a238aaa0260d1fd80e1f5c,passport,1.9.71,43f762ac58ffabdc8939c766713148d6,true,true,,,,502,5f70a92c00ff00ff05280f23c16600016b7e6f706e2d706c6174666f726d2d63612d70726f64000170617373706f72743a323032303039323774313032303439000100,appengine.googleapis.com/request_id,true,true,projects/opn-platform-ca-prod/traces/43f762ac58ffabdc8939c766713148d6,true
,5f70a5b8000033948ea80666,gae_app,northamerica-northeast1-1,20200927t102049,passport,opn-platform-ca-prod,2020-09-27T14:46:10.740918Z,00c61b117c84d458005632501f3a1e8ed5725690698e96a64619a238aaa0260d1fd80e1f5c,projects/opn-platform-ca-prod/logs/appengine.googleapis.com%2Frequest_log,2020-09-27T14:46:16.013757124Z,type.googleapis.com/google.appengine.logging.v1.RequestLog,k~opn-platform-ca-prod,20200927t102049,5f70a5b200ff0b4e367f346ea300016b7e6f706e2d706c6174666f726d2d63612d70726f64000170617373706f72743a323032303039323774313032303439000100,2607:fea8:3fdf:6070:f9b4:a788:3b63:e5d3,2020-09-27T14:46:10.740918Z,2020-09-27T14:46:16.013053Z,5.272135s,722,POST,/user/status/update,HTTP/1.1,502,288,okhttp/4.5.0,auto,passport.services.ca.stayopn.net,3.2186e-8,-1,true,00c61b117c84d458005632501f3a1e8ed5725690698e96a64619a238aaa0260d1fd80e1f5c,passport,1.9.71,25d11aaa6c7e4dc4c75c3b4c778d0828,true,true,,,,502,5f70a5b200ff0b4e367f346ea300016b7e6f706e2d706c6174666f726d2d63612d70726f64000170617373706f72743a323032303039323774313032303439000100,appengine.googleapis.com/request_id,true,true,projects/opn-platform-ca-prod/traces/25d11aaa6c7e4dc4c75c3b4c778d0828,true
,5f707daf000251585be316e5,gae_app,northamerica-northeast1-1,20200921t134454,registry,opn-platform-ca-prod,2020-09-27T11:55:26.915684Z,00c61b117cf7ac2db229b6e2ebb19907279d6f3df1c2119be704afdc345b3d534147d074,projects/opn-platform-ca-prod/logs/appengine.googleapis.com%2Frequest_log,2020-09-27T11:55:27.152515584Z,type.googleapis.com/google.appengine.logging.v1.RequestLog,k~opn-platform-ca-prod,20200921t134454,5f707dae00ff0df8e45e8d777b00016b7e6f706e2d706c6174666f726d2d63612d70726f64000172656769737472793a323032303039323174313334343534000100,46.172.71.220,2020-09-27T11:55:26.915684Z,2020-09-27T11:55:27.151505Z,0.235821s,494,POST,/user/add,HTTP/1.1,500,355,OPN/1 CFNetwork/1128.0.1 Darwin/19.6.0,auto,registry.services.ca.stayopn.net,3.9674e-8,-1,true,00c61b117cf7ac2db229b6e2ebb19907279d6f3df1c2119be704afdc345b3d534147d074,registry,1.9.71,0b8ce067e02440153c6f2d339a66e101,true,true,,,,500,5f707dae00ff0df8e45e8d777b00016b7e6f706e2d706c6174666f726d2d63612d70726f64000172656769737472793a323032303039323174313334343534000100,appengine.googleapis.com/request_id,true,true,projects/opn-platform-ca-prod/traces/0b8ce067e02440153c6f2d339a66e101,true
,5f70766000075caad587a1fa,gae_app,northamerica-northeast1-1,20200921t134454,registry,opn-platform-ca-prod,2020-09-27T11:24:16.329463Z,00c61b117cf7ac2db229b6e2ebb19907279d6f3df1c2119be704afdc345b3d534147d074,projects/opn-platform-ca-prod/logs/appengine.googleapis.com%2Frequest_log,2020-09-27T11:24:16.514033232Z,type.googleapis.com/google.appengine.logging.v1.RequestLog,k~opn-platform-ca-prod,20200921t134454,5f70766000ff0506f7998abd5c00016b7e6f706e2d706c6174666f726d2d63612d70726f64000172656769737472793a323032303039323174313334343534000100,46.172.71.220,2020-09-27T11:24:16.329463Z,2020-09-27T11:24:16.481993Z,0.152530s,10633,POST,/user/add,HTTP/1.1,500,355,OPN/1 CFNetwork/1128.0.1 Darwin/19.6.0,auto,registry.services.ca.stayopn.net,3.9674e-8,-1,true,00c61b117cf7ac2db229b6e2ebb19907279d6f3df1c2119be704afdc345b3d534147d074,registry,1.9.71,f83d81ddbce2ccfd3056c53df44b23f8,true,true,,,,500,5f70766000ff0506f7998abd5c00016b7e6f706e2d706c6174666f726d2d63612d70726f64000172656769737472793a323032303039323174313334343534000100,appengine.googleapis.com/request_id,true,true,projects/opn-platform-ca-prod/traces/f83d81ddbce2ccfd3056c53df44b23f8,true
,5f706956000305f37df8555e,gae_app,northamerica-northeast1-1,20200921t134454,registry,opn-platform-ca-prod,2020-09-27T10:28:38.042058Z,00c61b117cf7ac2db229b6e2ebb19907279d6f3df1c2119be704afdc345b3d534147d074,projects/opn-platform-ca-prod/logs/appengine.googleapis.com%2Frequest_log,2020-09-27T10:28:38.199146614Z,type.googleapis.com/google.appengine.logging.v1.RequestLog,k~opn-platform-ca-prod,20200921t134454,5f70695600ff00ffa44a58cba60e00016b7e6f706e2d706c6174666f726d2d63612d70726f64000172656769737472793a323032303039323174313334343534000100,46.172.71.220,2020-09-27T10:28:38.042058Z,2020-09-27T10:28:38.197992Z,0.155934s,960,POST,/user/add,HTTP/1.1,500,355,OPN/1 CFNetwork/1128.0.1 Darwin/19.6.0,auto,registry.services.ca.stayopn.net,3.9674e-8,-1,true,00c61b117cf7ac2db229b6e2ebb19907279d6f3df1c2119be704afdc345b3d534147d074,registry,1.9.71,6ac6308677b8bede455995e3dc407c3c,true,true,,,,500,5f70695600ff00ffa44a58cba60e00016b7e6f706e2d706c6174666f726d2d63612d70726f64000172656769737472793a323032303039323174313334343534000100,appengine.googleapis.com/request_id,true,true,projects/opn-platform-ca-prod/traces/6ac6308677b8bede455995e3dc407c3c,true
,5f704dc7000a9745d2a63b31,gae_app,northamerica-northeast1-1,20200921t134454,registry,opn-platform-ca-prod,2020-09-27T08:31:03.509644Z,00c61b117cf7ac2db229b6e2ebb19907279d6f3df1c2119be704afdc345b3d534147d074,projects/opn-platform-ca-prod/logs/appengine.googleapis.com%2Frequest_log,2020-09-27T08:31:03.694701266Z,type.googleapis.com/google.appengine.logging.v1.RequestLog,k~opn-platform-ca-prod,20200921t134454,5f704dc700ff07c6cc47e8559700016b7e6f706e2d706c6174666f726d2d63612d70726f64000172656769737472793a323032303039323174313334343534000100,46.172.71.220,2020-09-27T08:31:03.509644Z,2020-09-27T08:31:03.693710Z,0.184066s,148,POST,/user/add,HTTP/1.1,500,355,OPN/1 CFNetwork/1128.0.1 Darwin/19.6.0,auto,registry.services.ca.stayopn.net,3.9674e-8,-1,true,00c61b117cf7ac2db229b6e2ebb19907279d6f3df1c2119be704afdc345b3d534147d074,registry,1.9.71,e8dffa10c1770630acf00cfc6a905fc1,true,true,,,,500,5f704dc700ff07c6cc47e8559700016b7e6f706e2d706c6174666f726d2d63612d70726f64000172656769737472793a323032303039323174313334343534000100,appengine.googleapis.com/request_id,true,true,projects/opn-platform-ca-prod/traces/e8dffa10c1770630acf00cfc6a905fc1,true
,5f704c3e00019bb775f1d414,gae_app,northamerica-northeast1-1,20200921t134454,registry,opn-platform-ca-prod,2020-09-27T08:24:29.921132Z,00c61b117cf7ac2db229b6e2ebb19907279d6f3df1c2119be704afdc345b3d534147d074,projects/opn-platform-ca-prod/logs/appengine.googleapis.com%2Frequest_log,2020-09-27T08:24:30.106582954Z,type.googleapis.com/google.appengine.logging.v1.RequestLog,k~opn-platform-ca-prod,20200921t134454,5f704c3d00ff0e0e2cb2455dea00016b7e6f706e2d706c6174666f726d2d63612d70726f64000172656769737472793a323032303039323174313334343534000100,46.172.71.220,2020-09-27T08:24:29.921132Z,2020-09-27T08:24:30.105254Z,0.184122s,115,POST,/user/add,HTTP/1.1,500,355,OPN/1 CFNetwork/1197 Darwin/19.5.0,auto,registry.services.ca.stayopn.net,3.9674e-8,-1,true,00c61b117cf7ac2db229b6e2ebb19907279d6f3df1c2119be704afdc345b3d534147d074,registry,1.9.71,48436915b4b5ad8505a80f7808bcc786,true,true,,,,500,5f704c3d00ff0e0e2cb2455dea00016b7e6f706e2d706c6174666f726d2d63612d70726f64000172656769737472793a323032303039323174313334343534000100,appengine.googleapis.com/request_id,true,true,projects/opn-platform-ca-prod/traces/48436915b4b5ad8505a80f7808bcc786,true
,5f70367b0004c1f16dad33a4,gae_app,northamerica-northeast1-1,20200921t134454,registry,opn-platform-ca-prod,2020-09-27T06:51:39.099993Z,00c61b117cf7ac2db229b6e2ebb19907279d6f3df1c2119be704afdc345b3d534147d074,projects/opn-platform-ca-prod/logs/appengine.googleapis.com%2Frequest_log,2020-09-27T06:51:39.313273639Z,type.googleapis.com/google.appengine.logging.v1.RequestLog,k~opn-platform-ca-prod,20200921t134454,5f70367b00ff0186996a18cad300016b7e6f706e2d706c6174666f726d2d63612d70726f64000172656769737472793a323032303039323174313334343534000100,46.172.71.220,2020-09-27T06:51:39.099993Z,2020-09-27T06:51:39.311630Z,0.211637s,254,POST,/user/add,HTTP/1.1,500,355,OPN/1 CFNetwork/1197 Darwin/19.5.0,auto,registry.services.ca.stayopn.net,3.9674e-8,-1,true,00c61b117cf7ac2db229b6e2ebb19907279d6f3df1c2119be704afdc345b3d534147d074,registry,1.9.71,8901bb61880a6da6d06f22cbed4dc1fb,true,true,,,,500,5f70367b00ff0186996a18cad300016b7e6f706e2d706c6174666f726d2d63612d70726f64000172656769737472793a323032303039323174313334343534000100,appengine.googleapis.com/request_id,true,true,projects/opn-platform-ca-prod/traces/8901bb61880a6da6d06f22cbed4dc1fb,true
,5f7035ee0003a649195ccd3d,gae_app,northamerica-northeast1-1,20200921t134454,registry,opn-platform-ca-prod,2020-09-27T06:49:18.101986Z,00c61b117cf7ac2db229b6e2ebb19907279d6f3df1c2119be704afdc345b3d534147d074,projects/opn-platform-ca-prod/logs/appengine.googleapis.com%2Frequest_log,2020-09-27T06:49:18.240324868Z,type.googleapis.com/google.appengine.logging.v1.RequestLog,k~opn-platform-ca-prod,20200921t134454,5f7035ee00ff018e628a34431900016b7e6f706e2d706c6174666f726d2d63612d70726f64000172656769737472793a323032303039323174313334343534000100,46.172.71.220,2020-09-27T06:49:18.101986Z,2020-09-27T06:49:18.239027Z,0.137041s,100,POST,/user/add,HTTP/1.1,500,355,OPN/1 CFNetwork/1197 Darwin/19.5.0,auto,registry.services.ca.stayopn.net,3.9674e-8,-1,true,00c61b117cf7ac2db229b6e2ebb19907279d6f3df1c2119be704afdc345b3d534147d074,registry,1.9.71,a12132d5d445708c5916ff5fb6f00e67,true,true,,,,500,5f7035ee00ff018e628a34431900016b7e6f706e2d706c6174666f726d2d63612d70726f64000172656769737472793a323032303039323174313334343534000100,appengine.googleapis.com/request_id,true,true,projects/opn-platform-ca-prod/traces/a12132d5d445708c5916ff5fb6f00e67,true
,5f7035d900067fbd9841b0ca,gae_app,northamerica-northeast1-1,20200921t134454,registry,opn-platform-ca-prod,2020-09-27T06:48:57.234570Z,00c61b117cf7ac2db229b6e2ebb19907279d6f3df1c2119be704afdc345b3d534147d074,projects/opn-platform-ca-prod/logs/appengine.googleapis.com%2Frequest_log,2020-09-27T06:48:57.427459674Z,type.googleapis.com/google.appengine.logging.v1.RequestLog,k~opn-platform-ca-prod,20200921t134454,5f7035d900ff03944a5278f9d300016b7e6f706e2d706c6174666f726d2d63612d70726f64000172656769737472793a323032303039323174313334343534000100,46.172.71.220,2020-09-27T06:48:57.234570Z,2020-09-27T06:48:57.425761Z,0.191191s,1172,POST,/user/add,HTTP/1.1,500,355,OPN/1 CFNetwork/1197 Darwin/19.5.0,auto,registry.services.ca.stayopn.net,3.9674e-8,-1,true,00c61b117cf7ac2db229b6e2ebb19907279d6f3df1c2119be704afdc345b3d534147d074,registry,1.9.71,403b5e19f50b88325c2656a3bf06db30,true,true,,,,500,5f7035d900ff03944a5278f9d300016b7e6f706e2d706c6174666f726d2d63612d70726f64000172656769737472793a323032303039323174313334343534000100,appengine.googleapis.com/request_id,true,true,projects/opn-platform-ca-prod/traces/403b5e19f50b88325c2656a3bf06db30,true
,5f6f7cef0001a42238ea4254,gae_app,northamerica-northeast1-1,20200921t134454,registry,opn-platform-ca-prod,2020-09-26T17:39:58.995814Z,00c61b117cf7ac2db229b6e2ebb19907279d6f3df1c2119be704afdc345b3d534147d074,projects/opn-platform-ca-prod/logs/appengine.googleapis.com%2Frequest_log,2020-09-26T17:39:59.108203138Z,type.googleapis.com/google.appengine.logging.v1.RequestLog,k~opn-platform-ca-prod,20200921t134454,5f6f7cee00ff0f31e69f63709c00016b7e6f706e2d706c6174666f726d2d63612d70726f64000172656769737472793a323032303039323174313334343534000100,46.63.32.193,2020-09-26T17:39:58.995814Z,2020-09-26T17:39:59.107382Z,0.111568s,202,POST,/user/add,HTTP/1.1,500,355,OPN/1 CFNetwork/1197 Darwin/19.6.0,auto,registry.services.ca.stayopn.net,3.9674e-8,-1,true,00c61b117cf7ac2db229b6e2ebb19907279d6f3df1c2119be704afdc345b3d534147d074,registry,1.9.71,a6f63fe09a1c7bbe37aeed7fd38f1d9b,true,true,,,,500,5f6f7cee00ff0f31e69f63709c00016b7e6f706e2d706c6174666f726d2d63612d70726f64000172656769737472793a323032303039323174313334343534000100,appengine.googleapis.com/request_id,true,true,projects/opn-platform-ca-prod/traces/a6f63fe09a1c7bbe37aeed7fd38f1d9b,true
,5f6f473d000549378531120b,gae_app,northamerica-northeast1-1,20200921t134454,registry,opn-platform-ca-prod,2020-09-26T13:50:53.027036Z,00c61b117cf7ac2db229b6e2ebb19907279d6f3df1c2119be704afdc345b3d534147d074,projects/opn-platform-ca-prod/logs/appengine.googleapis.com%2Frequest_log,2020-09-26T13:50:53.379329934Z,type.googleapis.com/google.appengine.logging.v1.RequestLog,k~opn-platform-ca-prod,20200921t134454,5f6f473d00ff00ff699ce0b7a8ba00016b7e6f706e2d706c6174666f726d2d63612d70726f64000172656769737472793a323032303039323174313334343534000100,46.63.32.193,2020-09-26T13:50:53.027036Z,2020-09-26T13:50:53.346132Z,0.319096s,1542,POST,/user/add,HTTP/1.1,500,355,OPN/1 CFNetwork/1197 Darwin/19.6.0,auto,registry.services.ca.stayopn.net,3.9674e-8,-1,true,00c61b117cf7ac2db229b6e2ebb19907279d6f3df1c2119be704afdc345b3d534147d074,registry,1.9.71,28acf28dda5fc5b919c0898ded22b278,true,true,,,,500,5f6f473d00ff00ff699ce0b7a8ba00016b7e6f706e2d706c6174666f726d2d63612d70726f64000172656769737472793a323032303039323174313334343534000100,appengine.googleapis.com/request_id,true,true,projects/opn-platform-ca-prod/traces/28acf28dda5fc5b919c0898ded22b278,true
,5f6f44e80000ff1d2a8da2f5,gae_app,northamerica-northeast1-1,20200921t134454,registry,opn-platform-ca-prod,2020-09-26T13:40:55.289870Z,00c61b117cf7ac2db229b6e2ebb19907279d6f3df1c2119be704afdc345b3d534147d074,projects/opn-platform-ca-prod/logs/appengine.googleapis.com%2Frequest_log,2020-09-26T13:40:56.065919807Z,type.googleapis.com/google.appengine.logging.v1.RequestLog,k~opn-platform-ca-prod,20200921t134454,5f6f44e700ff046c4e8363566b00016b7e6f706e2d706c6174666f726d2d63612d70726f64000172656769737472793a323032303039323174313334343534000100,46.63.32.193,2020-09-26T13:40:55.289870Z,2020-09-26T13:40:56.065170Z,0.775300s,1351,POST,/user/add,HTTP/1.1,500,355,OPN/1 CFNetwork/1197 Darwin/19.6.0,auto,registry.services.ca.stayopn.net,3.9674e-8,-1,true,00c61b117cf7ac2db229b6e2ebb19907279d6f3df1c2119be704afdc345b3d534147d074,registry,1.9.71,cbcbd1c7160c2149d777fd580a0c2d6a,true,true,,,,500,5f6f44e700ff046c4e8363566b00016b7e6f706e2d706c6174666f726d2d63612d70726f64000172656769737472793a323032303039323174313334343534000100,appengine.googleapis.com/request_id,true,true,projects/opn-platform-ca-prod/traces/cbcbd1c7160c2149d777fd580a0c2d6a,true
,5f6f42ea0009e4ce0ef952df,gae_app,northamerica-northeast1-1,20200921t134454,registry,opn-platform-ca-prod,2020-09-26T13:32:26.423235Z,00c61b117cf7ac2db229b6e2ebb19907279d6f3df1c2119be704afdc345b3d534147d074,projects/opn-platform-ca-prod/logs/appengine.googleapis.com%2Frequest_log,2020-09-26T13:32:26.648946025Z,type.googleapis.com/google.appengine.logging.v1.RequestLog,k~opn-platform-ca-prod,20200921t134454,5f6f42ea00ff067543d7c3ee9600016b7e6f706e2d706c6174666f726d2d63612d70726f64000172656769737472793a323032303039323174313334343534000100,46.63.32.193,2020-09-26T13:32:26.423235Z,2020-09-26T13:32:26.648275Z,0.225040s,307,POST,/user/add,HTTP/1.1,500,355,OPN/1 CFNetwork/1197 Darwin/19.6.0,auto,registry.services.ca.stayopn.net,3.9674e-8,-1,true,00c61b117cf7ac2db229b6e2ebb19907279d6f3df1c2119be704afdc345b3d534147d074,registry,1.9.71,5e84d049ab7f4efcf98926da2d66b283,true,true,,,,500,5f6f42ea00ff067543d7c3ee9600016b7e6f706e2d706c6174666f726d2d63612d70726f64000172656769737472793a323032303039323174313334343534000100,appengine.googleapis.com/request_id,true,true,projects/opn-platform-ca-prod/traces/5e84d049ab7f4efcf98926da2d66b283,true